token,weight,abs_weight,dataset,type
d c impact_high rel_impact_high,3.3158907690883463,3.3158907690883463,FallAllD,Fall
d c impact_high rel_impact_high,2.9792122630663793,2.9792122630663793,FARSEEING,Fall
c b impact_high rel_impact_high,2.393092109282214,2.393092109282214,FallAllD,Fall
c d c impact_high rel_impact_high,2.321953925997729,2.321953925997729,FallAllD,Fall
c d c impact_high,2.321953925997729,2.321953925997729,FallAllD,Fall
b d c impact_high rel_impact_high,1.98278624733602,1.98278624733602,FARSEEING,Fall
c c c impact_low,-2.8119957115588368,2.8119957115588368,FallAllD,ADL
c c c impact_low,-2.7401754522750963,2.7401754522750963,FARSEEING,ADL
c c impact_low rel_impact_med,-2.3966864104739893,2.3966864104739893,FARSEEING,ADL
c c c impact_low rel_impact_med,-2.337720000255014,2.337720000255014,FARSEEING,ADL
c c impact_med rel_impact_med,-2.268969565602895,2.268969565602895,FallAllD,ADL
c c c impact_med rel_impact_med,-2.2504473099101374,2.2504473099101374,FallAllD,ADL
