token,weight,abs_weight,dataset
f d impact_high rel_impact_high,2.7768934767290454,2.7768934767290454,FallAllD
e d impact_high rel_impact_high,1.9791435895324117,1.9791435895324117,FallAllD
d f d impact_high rel_impact_high,1.777276679056662,1.777276679056662,FallAllD
d f d impact_high,1.777276679056662,1.777276679056662,FallAllD
d d impact_high rel_impact_high,1.5813730355038205,1.5813730355038205,FallAllD
e e c impact_high rel_impact_high,1.4861107410367242,1.4861107410367242,FallAllD
e e c impact_high,1.4861107410367242,1.4861107410367242,FallAllD
e c impact_high rel_impact_high,1.4861107410367242,1.4861107410367242,FallAllD
d f c impact_high rel_impact_high,1.3088552214613476,1.3088552214613476,FallAllD
d f c impact_high,1.3088552214613476,1.3088552214613476,FallAllD
f c impact_high rel_impact_high,1.3088552214613476,1.3088552214613476,FallAllD
d c impact_high rel_impact_high,1.2112637985672183,1.2112637985672183,FallAllD
f d c impact_high,1.2112637985672183,1.2112637985672183,FallAllD
f d c impact_high rel_impact_high,1.2112637985672183,1.2112637985672183,FallAllD
d e d impact_high,1.1055825680594424,1.1055825680594424,FallAllD
d e d impact_high rel_impact_high,1.1055825680594424,1.1055825680594424,FallAllD
f d d impact_high,1.0774891833337166,1.0774891833337166,FallAllD
f d d impact_high rel_impact_high,1.0774891833337166,1.0774891833337166,FallAllD
c f d impact_high rel_impact_high,0.9996167976723912,0.9996167976723912,FallAllD
c f d impact_high,0.9996167976723912,0.9996167976723912,FallAllD
f d impact_high rel_impact_high,2.478930464611985,2.478930464611985,FARSEEING
e d impact_high rel_impact_high,1.902804631934146,1.902804631934146,FARSEEING
c f d impact_med,1.8152724996994065,1.8152724996994065,FARSEEING
f e impact_high rel_impact_high,1.7934065142676656,1.7934065142676656,FARSEEING
c e e impact_med,1.7293999971254994,1.7293999971254994,FARSEEING
e e impact_high rel_impact_high,1.646015666185588,1.646015666185588,FARSEEING
f d impact_med rel_impact_high,1.6411105825024863,1.6411105825024863,FARSEEING
e c impact_high rel_impact_high,1.4997588544790585,1.4997588544790585,FARSEEING
c f d impact_high,1.358014608469635,1.358014608469635,FARSEEING
c f d impact_high rel_impact_high,1.358014608469635,1.358014608469635,FARSEEING
f d impact_med rel_impact_med,1.1957515714931826,1.1957515714931826,FARSEEING
c e e impact_med rel_impact_med,1.195729181467945,1.195729181467945,FARSEEING
c e e impact_high rel_impact_high,1.1748705269378696,1.1748705269378696,FARSEEING
c e e impact_high,1.1748705269378696,1.1748705269378696,FARSEEING
c f e impact_high,1.1230884484416837,1.1230884484416837,FARSEEING
c f e impact_high rel_impact_high,1.1230884484416837,1.1230884484416837,FARSEEING
d f d impact_high rel_impact_high,1.1209158561423513,1.1209158561423513,FARSEEING
d f d impact_high,1.1209158561423513,1.1209158561423513,FARSEEING
e e impact_med rel_impact_high,1.102607003615572,1.102607003615572,FARSEEING
e e d impact_high,1.0705439357871054,1.0705439357871054,FARSEEING
