subject_id,file_id,label_type,feature_path,timestamp_path
subPSP4,7,adl,features/w3_s1/subPSP4__7.npy,features/w3_s1/subPSP4__7_ts.npy
subRehab5,2,adl,features/w3_s1/subRehab5__2.npy,features/w3_s1/subRehab5__2_ts.npy
subRehab3,2,adl,features/w3_s1/subRehab3__2.npy,features/w3_s1/subRehab3__2_ts.npy
subRehab1,10,adl,features/w3_s1/subRehab1__10.npy,features/w3_s1/subRehab1__10_ts.npy
subRehab2,6,adl,features/w3_s1/subRehab2__6.npy,features/w3_s1/subRehab2__6_ts.npy
subRehab4,4,adl,features/w3_s1/subRehab4__4.npy,features/w3_s1/subRehab4__4_ts.npy
subRehab5,1,adl,features/w3_s1/subRehab5__1.npy,features/w3_s1/subRehab5__1_ts.npy
subRehab1,6,adl,features/w3_s1/subRehab1__6.npy,features/w3_s1/subRehab1__6_ts.npy
subRehab2,12,adl,features/w3_s1/subRehab2__12.npy,features/w3_s1/subRehab2__12_ts.npy
subRehab5,10,adl,features/w3_s1/subRehab5__10.npy,features/w3_s1/subRehab5__10_ts.npy
subPSP4,6,adl,features/w3_s1/subPSP4__6.npy,features/w3_s1/subPSP4__6_ts.npy
subPSP3,6,adl,features/w3_s1/subPSP3__6.npy,features/w3_s1/subPSP3__6_ts.npy
subRehab5,4,adl,features/w3_s1/subRehab5__4.npy,features/w3_s1/subRehab5__4_ts.npy
subPSP2,12,adl,features/w3_s1/subPSP2__12.npy,features/w3_s1/subPSP2__12_ts.npy
subRehab5,3,adl,features/w3_s1/subRehab5__3.npy,features/w3_s1/subRehab5__3_ts.npy
subRehab4,5,adl,features/w3_s1/subRehab4__5.npy,features/w3_s1/subRehab4__5_ts.npy
subPSP1,9,adl,features/w3_s1/subPSP1__9.npy,features/w3_s1/subPSP1__9_ts.npy
subPSP5,2,adl,features/w3_s1/subPSP5__2.npy,features/w3_s1/subPSP5__2_ts.npy
subPSP5,10,adl,features/w3_s1/subPSP5__10.npy,features/w3_s1/subPSP5__10_ts.npy
subRehab5,8,adl,features/w3_s1/subRehab5__8.npy,features/w3_s1/subRehab5__8_ts.npy
subRehab1,8,adl,features/w3_s1/subRehab1__8.npy,features/w3_s1/subRehab1__8_ts.npy
subAtaxia1,8,adl,features/w3_s1/subAtaxia1__8.npy,features/w3_s1/subAtaxia1__8_ts.npy
subPSP4,2,adl,features/w3_s1/subPSP4__2.npy,features/w3_s1/subPSP4__2_ts.npy
subAtaxia1,4,adl,features/w3_s1/subAtaxia1__4.npy,features/w3_s1/subAtaxia1__4_ts.npy
subRehab3,12,adl,features/w3_s1/subRehab3__12.npy,features/w3_s1/subRehab3__12_ts.npy
subPSP5,1,adl,features/w3_s1/subPSP5__1.npy,features/w3_s1/subPSP5__1_ts.npy
subPSP4,4,adl,features/w3_s1/subPSP4__4.npy,features/w3_s1/subPSP4__4_ts.npy
subRehab2,5,adl,features/w3_s1/subRehab2__5.npy,features/w3_s1/subRehab2__5_ts.npy
subRehab5,5,adl,features/w3_s1/subRehab5__5.npy,features/w3_s1/subRehab5__5_ts.npy
subAtaxia3,9,adl,features/w3_s1/subAtaxia3__9.npy,features/w3_s1/subAtaxia3__9_ts.npy
19120623,2014-08-16-13-23-39,fall,features/w3_s1/19120623__2014-08-16-13-23-39.npy,features/w3_s1/19120623__2014-08-16-13-23-39_ts.npy
00002186,2013-11-15-13-50-18,fall,features/w3_s1/00002186__2013-11-15-13-50-18.npy,features/w3_s1/00002186__2013-11-15-13-50-18_ts.npy
51699609,2014-10-12-16-23-17,fall,features/w3_s1/51699609__2014-10-12-16-23-17.npy,features/w3_s1/51699609__2014-10-12-16-23-17_ts.npy
92097726,2014-05-13-18-03-17,fall,features/w3_s1/92097726__2014-05-13-18-03-17.npy,features/w3_s1/92097726__2014-05-13-18-03-17_ts.npy
34339767,2012-10-05-18-27-20,fall,features/w3_s1/34339767__2012-10-05-18-27-20.npy,features/w3_s1/34339767__2012-10-05-18-27-20_ts.npy
09254375,2014-02-08-23-01-16,fall,features/w3_s1/09254375__2014-02-08-23-01-16.npy,features/w3_s1/09254375__2014-02-08-23-01-16_ts.npy
68191600,2014-02-06-11-19-59,fall,features/w3_s1/68191600__2014-02-06-11-19-59.npy,features/w3_s1/68191600__2014-02-06-11-19-59_ts.npy
89647122,2013-06-12-04-14-02,fall,features/w3_s1/89647122__2013-06-12-04-14-02.npy,features/w3_s1/89647122__2013-06-12-04-14-02_ts.npy
87486959,2014-01-24-15-40-07,fall,features/w3_s1/87486959__2014-01-24-15-40-07.npy,features/w3_s1/87486959__2014-01-24-15-40-07_ts.npy
96201346,2011-05-21-06-19-42,fall,features/w3_s1/96201346__2011-05-21-06-19-42.npy,features/w3_s1/96201346__2011-05-21-06-19-42_ts.npy
19120623,2014-07-05-18-33-55,fall,features/w3_s1/19120623__2014-07-05-18-33-55.npy,features/w3_s1/19120623__2014-07-05-18-33-55_ts.npy
28367440,2015-06-10-04-07-52,fall,features/w3_s1/28367440__2015-06-10-04-07-52.npy,features/w3_s1/28367440__2015-06-10-04-07-52_ts.npy
18194920,2014-06-19-08-40-43,fall,features/w3_s1/18194920__2014-06-19-08-40-43.npy,features/w3_s1/18194920__2014-06-19-08-40-43_ts.npy
96856291,2013-02-09-05-27-07,fall,features/w3_s1/96856291__2013-02-09-05-27-07.npy,features/w3_s1/96856291__2013-02-09-05-27-07_ts.npy
67458491,2013-11-07-12-36-22,fall,features/w3_s1/67458491__2013-11-07-12-36-22.npy,features/w3_s1/67458491__2013-11-07-12-36-22_ts.npy
87486959,2013-11-23-08-49-53,fall,features/w3_s1/87486959__2013-11-23-08-49-53.npy,features/w3_s1/87486959__2013-11-23-08-49-53_ts.npy
91923026,2014-05-09-04-56-21,fall,features/w3_s1/91923026__2014-05-09-04-56-21.npy,features/w3_s1/91923026__2014-05-09-04-56-21_ts.npy
79336438,2014-10-27-15-12-58,fall,features/w3_s1/79336438__2014-10-27-15-12-58.npy,features/w3_s1/79336438__2014-10-27-15-12-58_ts.npy
51699609,2014-06-02-17-09-53,fall,features/w3_s1/51699609__2014-06-02-17-09-53.npy,features/w3_s1/51699609__2014-06-02-17-09-53_ts.npy
97097674,2013-03-07-20-46-24,fall,features/w3_s1/97097674__2013-03-07-20-46-24.npy,features/w3_s1/97097674__2013-03-07-20-46-24_ts.npy
19120623,2014-07-16-08-23-04,fall,features/w3_s1/19120623__2014-07-16-08-23-04.npy,features/w3_s1/19120623__2014-07-16-08-23-04_ts.npy
68191600,2014-02-28-08-15-48,fall,features/w3_s1/68191600__2014-02-28-08-15-48.npy,features/w3_s1/68191600__2014-02-28-08-15-48_ts.npy
96201346,2011-05-25-18-36-51,fall,features/w3_s1/96201346__2011-05-25-18-36-51.npy,features/w3_s1/96201346__2011-05-25-18-36-51_ts.npy
36551836,2013-05-21-17-39-57,fall,features/w3_s1/36551836__2013-05-21-17-39-57.npy,features/w3_s1/36551836__2013-05-21-17-39-57_ts.npy
45664613,2012-08-09-14-23-17,fall,features/w3_s1/45664613__2012-08-09-14-23-17.npy,features/w3_s1/45664613__2012-08-09-14-23-17_ts.npy
79336438,2014-11-19-18-59-42,fall,features/w3_s1/79336438__2014-11-19-18-59-42.npy,features/w3_s1/79336438__2014-11-19-18-59-42_ts.npy
51699609,2014-05-13-15-12-36,fall,features/w3_s1/51699609__2014-05-13-15-12-36.npy,features/w3_s1/51699609__2014-05-13-15-12-36_ts.npy
34206696,2008-11-05-00-48-57,fall,features/w3_s1/34206696__2008-11-05-00-48-57.npy,features/w3_s1/34206696__2008-11-05-00-48-57_ts.npy
42542799,2014-07-23-19-25-20,fall,features/w3_s1/42542799__2014-07-23-19-25-20.npy,features/w3_s1/42542799__2014-07-23-19-25-20_ts.npy
92680167,2014-04-15-18-07-25,fall,features/w3_s1/92680167__2014-04-15-18-07-25.npy,features/w3_s1/92680167__2014-04-15-18-07-25_ts.npy
