word_size,f1-score,precision,recall,false alarm rate,f1-score_std,precision_std,recall_std,false alarm rate_std
3,0.642,0.518,0.866,0.283,0.092,0.106,0.1,0.148
6,0.614,0.493,0.841,0.32,0.122,0.13,0.092,0.203
9,0.611,0.492,0.84,0.314,0.106,0.128,0.081,0.169
12,0.587,0.466,0.809,0.313,0.111,0.116,0.12,0.102
15,0.577,0.454,0.796,0.317,0.112,0.104,0.121,0.086
18,0.588,0.461,0.815,0.31,0.091,0.08,0.116,0.059
21,0.538,0.416,0.771,0.361,0.087,0.091,0.056,0.088
24,0.536,0.405,0.802,0.389,0.07,0.069,0.062,0.088
27,0.526,0.398,0.786,0.393,0.083,0.078,0.109,0.095
30,0.503,0.379,0.759,0.408,0.051,0.05,0.101,0.09
