model,tp,fp,tn,fn,runtime,delay,precision,recall,specificity,f1-score,auc,false alarm rate,miss rate,gain,thresh,split
SAX only,27,61,40126,11,0.006878741825510881,-1.0230882352941175,0.3068181818181818,0.7105263157894737,0.9984820962002637,0.42857142857142855,0.8545042059948686,0.5445333292336288,0.09819453477983471,-0.6918251314033809,0.5,0
SAX + impact (3-level),31,15,40172,7,0.009436488051044486,-2.098235294117647,0.6739130434782609,0.8157894736842105,0.999626744967278,0.7380952380952381,0.9077081093257442,0.13390163833613825,0.062487431223531176,-0.227632785171435,0.5,0
SAX + impact (12-bin),15,4,40183,23,0.011008086915622836,-0.6176470588235294,0.7894736842105263,0.39473684210526316,0.9999004653246074,0.5263157894736842,0.6973186537149353,0.03570710355630353,0.2053158454487453,-0.34368087172942147,0.5,0
SAX only,26,49,38391,12,0.005201348037618887,-1.3708823529411764,0.3466666666666667,0.6842105263157895,0.9987252861602497,0.46017699115044247,0.8414679062380196,0.45719818893533726,0.11196690341273566,-0.6251485440544408,0.5,1
SAX + impact (3-level),23,6,38434,15,0.008427205275197094,-1.1405882352941177,0.7931034482758621,0.6052631578947368,0.999843912591051,0.6865671641791045,0.8025535352428939,0.05598345170636783,0.13995862926591957,-0.2659213956052472,0.5,1
SAX + impact (12-bin),10,2,38438,28,0.008604702035884197,0.17647058823529413,0.8333333333333334,0.2631578947368421,0.9999479708636837,0.4,0.6315529328002629,0.018661150568789277,0.2612561079630499,-0.41054531251336407,0.5,1
SAX only,25,56,33668,4,0.005917028686199066,-3.0344827586206895,0.30864197530864196,0.8620689655172413,0.99833946151109,0.45454545454545453,0.9302042135141657,0.5957395755178221,0.042552826822701575,-0.6595688157518744,0.5,2
SAX + impact (3-level),22,9,33715,7,0.008321740147905399,-1.206896551724138,0.7096774193548387,0.7586206896551724,0.9997331277428537,0.7333333333333333,0.8791769086990131,0.09574386035107856,0.07446744693972776,-0.2074450307606702,0.5,2
SAX + impact (12-bin),14,4,33720,15,0.009060828992151784,-0.7586206896551724,0.7777777777777778,0.4827586206896552,0.999881390107935,0.5957446808510638,0.7413200053987951,0.042552826822701575,0.1595731005851309,-0.28191247770039796,0.5,2
SAX only,15,31,27955,9,0.006151406546840411,-0.9183333333333333,0.32608695652173914,0.625,0.9988923032945044,0.42857142857142855,0.8119461516472521,0.39738905421049014,0.1153710157385294,-0.5704455778182842,0.5,3
SAX + impact (3-level),14,4,27982,10,0.007579264363680869,-1.0054166666666668,0.7777777777777778,0.5833333333333334,0.9998570713928393,0.6666666666666666,0.7915952023630863,0.05127600699490195,0.1281900174872549,-0.24356103322578426,0.5,3
SAX + impact (12-bin),10,3,27983,14,0.008220233904059494,-0.625,0.7692307692307693,0.4166666666666667,0.9998928035446295,0.5405405405405406,0.7082797351056481,0.038457005246176464,0.17946602448215684,-0.3076560419694117,0.5,3
SAX only,15,53,31005,11,0.005757918738031664,-0.5,0.22058823529411764,0.5769230769230769,0.9982935153583617,0.3191489361702128,0.7876082961407194,0.6122784942955092,0.12707666862736983,-0.8028934972365639,0.5,4
SAX + impact (3-level),15,18,31040,11,0.01012596999170311,-0.7692307692307693,0.45454545454545453,0.5769230769230769,0.9994204391783116,0.5084745762711864,0.7881717580506942,0.2079436395720597,0.12707666862736983,-0.39855864251311446,0.5,4
SAX + impact (12-bin),5,8,31050,21,0.012291795187319507,-0.34615384615384615,0.38461538461538464,0.19230769230769232,0.999742417412583,0.2564102564102564,0.5960250548601377,0.09241939536535987,0.24260091283406965,-0.45632076461646437,0.5,4
