model,tp,fp,tn,fn,runtime,delay,precision,recall,specificity,f1-score,auc,false alarm rate,miss rate,gain,thresh,fold
n_bins=3,43,19,3355,0,0.10377672774281668,-0.587412935323383,0.6935483870967742,1.0,0.9943687018375815,0.819047619047619,0.9971843509187908,1.7014925373134329,0.0,-1.7014925373134329,0.5,1
n_bins=4,43,18,3356,0,0.10044954309416054,-0.3486069651741293,0.7049180327868853,1.0,0.994665085951393,0.8269230769230769,0.9973325429756965,1.6119402985074627,0.0,-1.6119402985074627,0.5,1
n_bins=5,43,19,3355,0,0.10112624856370006,-0.542636815920398,0.6935483870967742,1.0,0.9943687018375815,0.819047619047619,0.9971843509187908,1.7014925373134329,0.0,-1.7014925373134329,0.5,1
n_bins=6,43,18,3356,0,0.10062568816379529,-0.3486069651741293,0.7049180327868853,1.0,0.994665085951393,0.8269230769230769,0.9973325429756965,1.6119402985074627,0.0,-1.6119402985074627,0.5,1
n_bins=7,43,19,3355,0,0.10227326729997474,-0.44810945273631836,0.6935483870967742,1.0,0.9943687018375815,0.819047619047619,0.9971843509187908,1.7014925373134329,0.0,-1.7014925373134329,0.5,1
n_bins=8,42,18,3356,1,0.10335326787844226,-0.343681592039801,0.7,0.9767441860465116,0.994665085951393,0.8155339805825242,0.9857046359989523,1.6119402985074627,0.08955223880597016,-1.746268656716418,0.5,1
n_bins=9,38,10,3364,5,0.10310713924578767,-0.3455223880597015,0.7916666666666666,0.8837209302325582,0.997036158861885,0.8351648351648352,0.9403785445472216,0.8955223880597015,0.44776119402985076,-1.5671641791044777,0.5,1
n_bins=10,42,17,3357,1,0.10536499877474201,-0.3613432835820895,0.711864406779661,0.9767441860465116,0.9949614700652045,0.8235294117647058,0.985852828055858,1.5223880597014927,0.08955223880597016,-1.6567164179104479,0.5,1
n_bins=3,93,78,6646,0,0.15236968708751802,-0.7043142144638402,0.543859649122807,1.0,0.9883997620464009,0.7045454545454546,0.9941998810232004,3.5012468827930174,0.0,-3.5012468827930174,0.5,2
n_bins=4,93,74,6650,0,0.15178642368078826,-0.46241895261845384,0.5568862275449101,1.0,0.9889946460440214,0.7153846153846154,0.9944973230220107,3.321695760598504,0.0,-3.321695760598504,0.5,2
n_bins=5,93,81,6643,0,0.1493451601251997,-0.6594264339152119,0.5344827586206896,1.0,0.9879535990481856,0.6966292134831461,0.9939767995240928,3.6359102244389025,0.0,-3.6359102244389025,0.5,2
n_bins=6,93,74,6650,0,0.1495366084605381,-0.46241895261845384,0.5568862275449101,1.0,0.9889946460440214,0.7153846153846154,0.9944973230220107,3.321695760598504,0.0,-3.321695760598504,0.5,2
n_bins=7,54,22,6702,39,0.154373949008095,-0.2759850374064838,0.7105263157894737,0.5806451612903226,0.9967281380130875,0.6390532544378699,0.7886866496517051,0.9875311720698254,1.7506234413965087,-3.6134663341645883,0.5,2
n_bins=8,93,74,6650,0,0.15457966678457666,-0.46241895261845384,0.5568862275449101,1.0,0.9889946460440214,0.7153846153846154,0.9944973230220107,3.321695760598504,0.0,-3.321695760598504,0.5,2
n_bins=9,69,50,6674,24,0.15429516980178337,-0.28845386533665834,0.5798319327731093,0.7419354838709677,0.9925639500297442,0.6509433962264151,0.8672497169503559,2.2443890274314215,1.0773067331670823,-3.8603491271820447,0.5,2
n_bins=10,91,71,6653,2,0.15724567403817116,-0.43995012468827926,0.5617283950617284,0.978494623655914,0.9894408090422367,0.7137254901960784,0.9839677163490754,3.1870324189526182,0.08977556109725686,-3.321695760598504,0.5,2
n_bins=3,113,70,7290,7,0.14812810854478317,-0.7564090909090909,0.6174863387978142,0.9416666666666667,0.9904891304347826,0.7458745874587459,0.9660778985507246,2.8636363636363638,0.2863636363636364,-3.2931818181818184,0.5,3
n_bins=4,112,66,7294,8,0.1422603021968495,-0.5382272727272727,0.6292134831460674,0.9333333333333333,0.9910326086956521,0.7516778523489933,0.9621829710144927,2.7,0.32727272727272727,-3.190909090909091,0.5,3
n_bins=5,113,70,7290,7,0.1404659314589067,-0.7041363636363637,0.6174863387978142,0.9416666666666667,0.9904891304347826,0.7458745874587459,0.9660778985507246,2.8636363636363638,0.2863636363636364,-3.2931818181818184,0.5,3
n_bins=6,112,66,7294,8,0.13862468979575418,-0.5382272727272727,0.6292134831460674,0.9333333333333333,0.9910326086956521,0.7516778523489933,0.9621829710144927,2.7,0.32727272727272727,-3.190909090909091,0.5,3
n_bins=7,113,70,7290,7,0.13724998994307083,-0.6700454545454545,0.6174863387978142,0.9416666666666667,0.9904891304347826,0.7458745874587459,0.9660778985507246,2.8636363636363638,0.2863636363636364,-3.2931818181818184,0.5,3
n_bins=8,112,66,7294,8,0.1399595629085194,-0.5382272727272727,0.6292134831460674,0.9333333333333333,0.9910326086956521,0.7516778523489933,0.9621829710144927,2.7,0.32727272727272727,-3.190909090909091,0.5,3
n_bins=9,101,50,7310,19,0.14206469058990479,-0.3608409090909091,0.6688741721854304,0.8416666666666667,0.9932065217391305,0.7453874538745388,0.9174365942028986,2.0454545454545454,0.7772727272727273,-3.2113636363636364,0.5,3
n_bins=10,110,66,7294,10,0.14142963019284335,-0.5337045454545454,0.625,0.9166666666666666,0.9910326086956521,0.7432432432432432,0.9538496376811594,2.7,0.4090909090909091,-3.313636363636364,0.5,3
n_bins=3,149,89,7591,8,0.18263173465356392,-1.0929067245119306,0.6260504201680672,0.9490445859872612,0.9884114583333333,0.7544303797468355,0.9687280221602972,3.475054229934924,0.3123644251626898,-3.943600867678959,0.5,4
n_bins=4,149,88,7592,8,0.18278326750318813,-0.819587852494577,0.6286919831223629,0.9490445859872612,0.9885416666666667,0.7563451776649747,0.9687931263269639,3.436008676789588,0.3123644251626898,-3.9045553145336225,0.5,4
n_bins=5,150,90,7590,7,0.18478887975862382,-1.0172668112798264,0.625,0.9554140127388535,0.98828125,0.7556675062972292,0.9718476313694268,3.5140997830802605,0.2733188720173536,-3.9240780911062907,0.5,4
n_bins=6,149,88,7592,8,0.18806209274589886,-0.8174186550976138,0.6286919831223629,0.9490445859872612,0.9885416666666667,0.7563451776649747,0.9687931263269639,3.436008676789588,0.3123644251626898,-3.9045553145336225,0.5,4
n_bins=7,151,104,7576,6,0.1844801251128025,-0.9760954446854663,0.592156862745098,0.9617834394904459,0.9864583333333333,0.7330097087378641,0.9741208864118895,4.060737527114967,0.23427331887201736,-4.412147505422993,0.5,4
n_bins=8,149,88,7592,8,0.18724831479749038,-0.819587852494577,0.6286919831223629,0.9490445859872612,0.9885416666666667,0.7563451776649747,0.9687931263269639,3.436008676789588,0.3123644251626898,-3.9045553145336225,0.5,4
n_bins=9,137,60,7620,20,0.18744561780817856,-0.7049674620390455,0.6954314720812182,0.8726114649681529,0.9921875,0.7740112994350282,0.9323994824840764,2.3427331887201737,0.7809110629067245,-3.5140997830802605,0.5,4
n_bins=10,141,88,7592,16,0.18220221918730828,-0.7860086767895877,0.6157205240174672,0.8980891719745223,0.9885416666666667,0.7305699481865285,0.9433154193205945,3.436008676789588,0.6247288503253796,-4.373101952277658,0.5,4
n_bins=3,51,41,4020,2,0.1772883509801439,-0.8275619834710743,0.5543478260869565,0.9622641509433962,0.9899039645407535,0.7034482758620689,0.9760840577420749,3.049586776859504,0.1487603305785124,-3.2727272727272725,0.5,5
n_bins=4,52,41,4020,1,0.17479135970438808,-0.6581404958677686,0.5591397849462365,0.9811320754716981,0.9899039645407535,0.7123287671232876,0.9855180200062258,3.049586776859504,0.0743801652892562,-3.1611570247933884,0.5,5
n_bins=5,52,41,4020,1,0.1698855526191144,-0.7986363636363636,0.5591397849462365,0.9811320754716981,0.9899039645407535,0.7123287671232876,0.9855180200062258,3.049586776859504,0.0743801652892562,-3.1611570247933884,0.5,5
n_bins=6,51,41,4020,2,0.17474801087182415,-0.6498760330578511,0.5543478260869565,0.9622641509433962,0.9899039645407535,0.7034482758620689,0.9760840577420749,3.049586776859504,0.1487603305785124,-3.2727272727272725,0.5,5
n_bins=7,36,14,4047,17,0.17259436205398937,-0.25260330578512397,0.72,0.6792452830188679,0.9965525732578183,0.6990291262135923,0.8378989281383431,1.0413223140495869,1.2644628099173554,-2.93801652892562,0.5,5
n_bins=8,52,41,4020,1,0.17314903007065954,-0.6581404958677686,0.5591397849462365,0.9811320754716981,0.9899039645407535,0.7123287671232876,0.9855180200062258,3.049586776859504,0.0743801652892562,-3.1611570247933884,0.5,5
n_bins=9,42,26,4035,11,0.17241160731670285,-0.32578512396694215,0.6176470588235294,0.7924528301886793,0.9935976360502339,0.6942148760330579,0.8930252331194566,1.9338842975206612,0.8181818181818181,-3.1611570247933884,0.5,5
n_bins=10,50,41,4020,3,0.17335493702533816,-0.633595041322314,0.5494505494505495,0.9433962264150944,0.9899039645407535,0.6944444444444444,0.9666500954779239,3.049586776859504,0.2231404958677686,-3.384297520661157,0.5,5
