model,tp,fp,tn,fn,runtime,delay,precision,recall,specificity,f1-score,auc,false alarm rate,miss rate,gain,thresh
"baseline (n_bins=8, word_size=3, impact=category)",25.2 ± 6.38,27.6 ± 16.65,34251.4 ± 7507.61,5.8 ± 2.28,0.01 ± 0.0,-2.13 ± 0.44,0.5 ± 0.15,0.82 ± 0.07,1.0 ± 0.0,0.61 ± 0.11,0.91 ± 0.03,0.29 ± 0.15,0.06 ± 0.02,-0.38 ± 0.15,0.5 ± 0.0
baseline + RandomForest classifier,25.0 ± 6.67,23.6 ± 15.69,34255.4 ± 7508.59,6.0 ± 2.45,0.13 ± 0.02,-1.81 ± 0.52,0.54 ± 0.14,0.81 ± 0.08,1.0 ± 0.0,0.64 ± 0.1,0.9 ± 0.04,0.25 ± 0.15,0.06 ± 0.02,-0.34 ± 0.14,0.5 ± 0.0
impact=physical (12-bin),26.4 ± 6.66,27.8 ± 17.21,34251.2 ± 7507.84,4.6 ± 1.52,0.01 ± 0.0,-2.19 ± 0.36,0.51 ± 0.14,0.85 ± 0.04,1.0 ± 0.0,0.63 ± 0.1,0.93 ± 0.02,0.29 ± 0.16,0.05 ± 0.01,-0.37 ± 0.16,0.5 ± 0.0
n_bins=10,25.6 ± 5.86,25.2 ± 13.75,34253.8 ± 7507.55,5.4 ± 2.19,0.01 ± 0.0,-1.98 ± 0.54,0.52 ± 0.1,0.83 ± 0.04,1.0 ± 0.0,0.64 ± 0.07,0.92 ± 0.02,0.27 ± 0.13,0.05 ± 0.01,-0.35 ± 0.13,0.5 ± 0.0
n_bins=6,25.2 ± 6.61,24.2 ± 15.4,34254.8 ± 7508.61,5.8 ± 1.64,0.01 ± 0.0,-2.12 ± 0.63,0.54 ± 0.15,0.81 ± 0.04,1.0 ± 0.0,0.64 ± 0.11,0.91 ± 0.02,0.26 ± 0.14,0.06 ± 0.01,-0.35 ± 0.15,0.5 ± 0.0
n_bins=7,25.2 ± 7.19,26.4 ± 20.42,34252.6 ± 7506.55,5.8 ± 2.28,0.01 ± 0.0,-1.82 ± 0.28,0.52 ± 0.15,0.81 ± 0.08,1.0 ± 0.0,0.63 ± 0.13,0.91 ± 0.04,0.28 ± 0.19,0.06 ± 0.02,-0.37 ± 0.2,0.5 ± 0.0
n_bins=9,25.4 ± 6.73,31.2 ± 23.78,34247.8 ± 7506.09,5.6 ± 2.3,0.01 ± 0.0,-1.93 ± 0.44,0.5 ± 0.17,0.82 ± 0.06,1.0 ± 0.0,0.61 ± 0.16,0.91 ± 0.03,0.33 ± 0.24,0.06 ± 0.02,-0.41 ± 0.26,0.5 ± 0.0
word_size=2,25.4 ± 5.18,23.4 ± 16.96,34255.6 ± 7506.84,5.6 ± 4.28,0.01 ± 0.0,-2.1 ± 0.42,0.56 ± 0.17,0.84 ± 0.12,1.0 ± 0.0,0.66 ± 0.14,0.92 ± 0.06,0.24 ± 0.16,0.05 ± 0.04,-0.32 ± 0.18,0.5 ± 0.0
word_size=4,23.2 ± 5.02,29.6 ± 13.58,34249.4 ± 7513.55,7.8 ± 2.86,0.01 ± 0.0,-1.58 ± 0.47,0.46 ± 0.14,0.75 ± 0.04,1.0 ± 0.0,0.56 ± 0.1,0.88 ± 0.02,0.33 ± 0.16,0.08 ± 0.02,-0.45 ± 0.16,0.5 ± 0.0
word_size=5,21.8 ± 7.6,33.2 ± 21.3,34245.8 ± 7509.23,9.2 ± 1.92,0.01 ± 0.0,-1.17 ± 0.58,0.42 ± 0.15,0.69 ± 0.1,1.0 ± 0.0,0.51 ± 0.14,0.84 ± 0.05,0.35 ± 0.21,0.1 ± 0.03,-0.51 ± 0.23,0.5 ± 0.0
