model,tp,fp,tn,fn,runtime,delay,precision,recall,specificity,f1-score,auc,false alarm rate,miss rate,gain,thresh,train_fraction,seed,n_falls_used,total_samples_used
FallLM,19,14,40173,19,0.009828115559467982,-1.4805882352941178,0.5757575757575758,0.5,0.9996516286361261,0.5352112676056338,0.749825814318063,0.12497486244706235,0.16960874189244177,-0.379387975285725,0.5,0.01,0,2,1814
Mantis,0,0,40187,38,0.6052276820591767,0.0,0.0,0.0,1.0,0.0,0.5,0.0,0.3392174837848835,-0.6784349675697671,0.5,0.01,0,2,1814
MiniRocket,8,2,40185,30,0.3556235339781934,-0.3823529411764705,0.8,0.2105263157894736,0.9999502326623038,0.3333333333333333,0.6052382742258887,0.0178535517781517,0.2678032766722765,-0.5534601051227047,0.5,0.01,0,2,1814
MrSQM,0,0,40187,38,4.917736177883582,0.0,0.0,0.0,1.0,0.0,0.5,0.0,0.3392174837848835,-0.6784349675697671,0.5,0.01,0,2,1814
Quant,2,0,40187,36,0.2583613763856252,-0.0588235294117647,1.0,0.0526315789473684,1.0,0.1,0.5263157894736842,0.0,0.3213639320067317,-0.6427278640134635,0.5,0.01,0,2,1814
WEASEL,0,0,40187,38,6.044065666954308,0.0,0.0,0.0,1.0,0.0,0.5,0.0,0.3392174837848835,-0.6784349675697671,0.5,0.01,0,2,1814
FallLM,16,1,40186,22,0.009779497621885609,0.39426470588235296,0.9411764705882353,0.42105263157894735,0.9999751163311519,0.5818181818181818,0.7105138739550496,0.008926775889075882,0.19638906955966942,-0.30351038022858,0.5,0.01,1,2,1814
Mantis,0,0,40187,38,0.5122090700496789,0.0,0.0,0.0,1.0,0.0,0.5,0.0,0.3392174837848835,-0.6784349675697671,0.5,0.01,1,2,1814
MiniRocket,8,2,40185,30,0.3481925084480761,-0.3167647058823529,0.8,0.2105263157894736,0.9999502326623038,0.3333333333333333,0.6052382742258887,0.0178535517781517,0.2678032766722765,-0.5534601051227047,0.5,0.01,1,2,1814
MrSQM,0,0,40187,38,5.271603139105902,0.0,0.0,0.0,1.0,0.0,0.5,0.0,0.3392174837848835,-0.6784349675697671,0.5,0.01,1,2,1814
Quant,1,0,40187,37,0.2539965548837019,-0.0294117647058823,1.0,0.0263157894736842,1.0,0.0512820512820512,0.5131578947368421,0.0,0.3302907078958076,-0.6605814157916153,0.5,0.01,1,2,1814
WEASEL,0,0,40187,38,5.864529199715264,0.0,0.0,0.0,1.0,0.0,0.5,0.0,0.3392174837848835,-0.6784349675697671,0.5,0.01,1,2,1814
FallLM,13,78,40109,25,0.010500121253244048,-0.1267647058823529,0.14285714285714285,0.34210526315789475,0.9980590738298455,0.20155038759689922,0.6700821684938701,0.6962885193479188,0.22316939722689705,-1.0310426151882643,0.5,0.01,2,2,1814
Mantis,0,0,40187,38,0.4853783652500885,0.0,0.0,0.0,1.0,0.0,0.5,0.0,0.3392174837848835,-0.6784349675697671,0.5,0.01,2,2,1814
MiniRocket,0,1,40186,38,0.3500209674058565,0.0,0.0,0.0,0.999975116331152,0.0,0.4999875581655759,0.0089267758890758,0.3392174837848835,-0.6873617434588429,0.5,0.01,2,2,1814
MrSQM,0,0,40187,38,4.8769733435695235,0.0,0.0,0.0,1.0,0.0,0.5,0.0,0.3392174837848835,-0.6784349675697671,0.5,0.01,2,2,1814
Quant,0,0,40187,38,0.2516988657399799,0.0,0.0,0.0,1.0,0.0,0.5,0.0,0.3392174837848835,-0.6784349675697671,0.5,0.01,2,2,1814
WEASEL,0,0,40187,38,5.835485409539531,0.0,0.0,0.0,1.0,0.0,0.5,0.0,0.3392174837848835,-0.6784349675697671,0.5,0.01,2,2,1814
FallLM,16,130,40057,22,0.009953031770440846,-3.3573529411764707,0.1095890410958904,0.42105263157894735,0.9967651230497424,0.17391304347826086,0.7089088773143448,1.1604808655798646,0.19638906955966942,-1.4550644699193689,0.5,0.01,3,2,1814
Mantis,0,0,40187,38,0.5545507643403815,0.0,0.0,0.0,1.0,0.0,0.5,0.0,0.3392174837848835,-0.6784349675697671,0.5,0.01,3,2,1814
MiniRocket,2,2,40185,36,0.3556251418107183,-0.0588235294117647,0.5,0.0526315789473684,0.9999502326623038,0.0952380952380952,0.5262909058048361,0.0178535517781517,0.3213639320067317,-0.6605814157916153,0.5,0.01,3,2,1814
MrSQM,0,0,40187,38,5.2743715576009045,0.0,0.0,0.0,1.0,0.0,0.5,0.0,0.3392174837848835,-0.6784349675697671,0.5,0.01,3,2,1814
Quant,0,0,40187,38,0.2559960193638058,0.0,0.0,0.0,1.0,0.0,0.5,0.0,0.3392174837848835,-0.6784349675697671,0.5,0.01,3,2,1814
WEASEL,0,0,40187,38,5.923100228830541,0.0,0.0,0.0,1.0,0.0,0.5,0.0,0.3392174837848835,-0.6784349675697671,0.5,0.01,3,2,1814
FallLM,16,81,40106,22,0.009508056800471568,0.25558823529411767,0.16494845360824742,0.42105263157894735,0.997984422823301,0.23703703703703705,0.7095185272011242,0.7230688470151465,0.19638906955966942,-1.0176524513546505,0.5,0.01,4,2,1814
Mantis,0,0,40187,38,0.4599222388928197,0.0,0.0,0.0,1.0,0.0,0.5,0.0,0.3392174837848835,-0.6784349675697671,0.5,0.01,4,2,1814
MiniRocket,0,0,40187,38,0.320435285094833,0.0,0.0,0.0,1.0,0.0,0.5,0.0,0.3392174837848835,-0.6784349675697671,0.5,0.01,4,2,1814
MrSQM,0,0,40187,38,4.593611775288008,0.0,0.0,0.0,1.0,0.0,0.5,0.0,0.3392174837848835,-0.6784349675697671,0.5,0.01,4,2,1814
Quant,0,0,40187,38,0.2550883713142558,0.0,0.0,0.0,1.0,0.0,0.5,0.0,0.3392174837848835,-0.6784349675697671,0.5,0.01,4,2,1814
WEASEL,0,0,40187,38,5.957673750260144,0.0,0.0,0.0,1.0,0.0,0.5,0.0,0.3392174837848835,-0.6784349675697671,0.5,0.01,4,2,1814
FallLM,30,17,40170,8,0.009707876449933879,-1.7747058823529414,0.6382978723404256,0.7894736842105263,0.9995769776295818,0.7058823529411765,0.894525330920054,0.15175519011429,0.07141420711260706,-0.25887650078320057,0.5,0.05,0,6,1818
Mantis,13,0,40187,25,0.5333693366935068,-0.3823529411764705,1.0,0.3421052631578947,1.0,0.5098039215686274,0.6710526315789473,0.0,0.223169397226897,-0.4463387944537941,0.5,0.05,0,6,1818
MiniRocket,16,2,40185,22,0.3443981311199756,-0.6697058823529412,0.8888888888888888,0.4210526315789473,0.9999502326623038,0.5714285714285714,0.7105014321206256,0.0178535517781517,0.1963890695596694,-0.4106316908974906,0.5,0.05,0,6,1818
MrSQM,0,0,40187,38,4.851747008957985,0.0,0.0,0.0,1.0,0.0,0.5,0.0,0.3392174837848835,-0.6784349675697671,0.5,0.05,0,6,1818
Quant,14,0,40187,24,0.2538090649196466,-0.5707352941176471,1.0,0.3684210526315789,1.0,0.5384615384615384,0.6842105263157895,0.0,0.2142426213378211,-0.4284852426756423,0.5,0.05,0,6,1818
WEASEL,0,0,40187,38,5.892759178890917,0.0,0.0,0.0,1.0,0.0,0.5,0.0,0.3392174837848835,-0.6784349675697671,0.5,0.05,0,6,1818
FallLM,19,3,40184,19,0.009280997241612647,0.10014705882352945,0.8636363636363636,0.5,0.9999253489934556,0.6333333333333333,0.7499626744967278,0.026780327667227648,0.16960874189244177,-0.2811934405058903,0.5,0.05,1,6,1818
Mantis,14,3,40184,24,0.5315091734085561,-0.4344117647058823,0.8235294117647058,0.3684210526315789,0.9999253489934556,0.509090909090909,0.6841732008125173,0.0267803276672276,0.2142426213378211,-0.45526557034287,0.5,0.05,1,6,1818
MiniRocket,19,2,40185,19,0.3719718582280579,-0.905,0.9047619047619048,0.5,0.9999502326623038,0.6440677966101694,0.7499751163311519,0.0178535517781517,0.1696087418924417,-0.3570710355630353,0.5,0.05,1,6,1818
MrSQM,0,0,40187,38,5.387131155380482,0.0,0.0,0.0,1.0,0.0,0.5,0.0,0.3392174837848835,-0.6784349675697671,0.5,0.05,1,6,1818
Quant,15,0,40187,23,0.2616678807170759,-0.4344117647058823,1.0,0.3947368421052631,1.0,0.5660377358490566,0.6973684210526316,0.0,0.2053158454487453,-0.4106316908974906,0.5,0.05,1,6,1818
WEASEL,0,0,40187,38,6.2066323411544735,0.0,0.0,0.0,1.0,0.0,0.5,0.0,0.3392174837848835,-0.6784349675697671,0.5,0.05,1,6,1818
FallLM,34,17,40170,4,0.00919827917374062,-1.8398529411764706,0.6666666666666666,0.8947368421052632,0.9995769776295818,0.7640449438202247,0.9471569098674224,0.15175519011429,0.03570710355630353,-0.2053158454487453,0.5,0.05,2,6,1818
Mantis,5,0,40187,33,0.5370364928032163,-0.1470588235294117,1.0,0.131578947368421,1.0,0.2325581395348837,0.5657894736842105,0.0,0.2945836043395041,-0.5891672086790083,0.5,0.05,2,6,1818
MiniRocket,11,2,40185,27,0.3672441185345909,-0.4049999999999999,0.8461538461538461,0.2894736842105263,0.9999502326623038,0.4313725490196078,0.644711958436415,0.0178535517781517,0.2410229490050488,-0.4998994497882494,0.5,0.05,2,6,1818
MrSQM,0,0,40187,38,4.948930848852055,0.0,0.0,0.0,1.0,0.0,0.5,0.0,0.3392174837848835,-0.6784349675697671,0.5,0.05,2,6,1818
Quant,13,0,40187,25,0.2607337045225108,-0.3755882352941176,1.0,0.3421052631578947,1.0,0.5098039215686274,0.6710526315789473,0.0,0.223169397226897,-0.4463387944537941,0.5,0.05,2,6,1818
WEASEL,4,0,40187,34,6.031852983705894,-0.1176470588235294,1.0,0.1052631578947368,1.0,0.1904761904761904,0.5526315789473684,0.0,0.30351038022858,-0.60702076045716,0.5,0.05,2,6,1818
FallLM,20,16,40171,18,0.009765218827051104,-1.3986764705882353,0.5555555555555556,0.5263157894736842,0.9996018612984299,0.5405405405405406,0.7629588253860571,0.1428284142252141,0.16068196600336587,-0.3838513632302629,0.5,0.05,3,6,1818
Mantis,11,0,40187,27,0.5048031396263425,-0.4825,1.0,0.2894736842105263,1.0,0.4489795918367347,0.6447368421052632,0.0,0.2410229490050488,-0.4820458980100977,0.5,0.05,3,6,1818
MiniRocket,18,2,40185,20,0.3666434310228191,-0.7579411764705882,0.9,0.4736842105263157,0.9999502326623038,0.6206896551724138,0.7368172215943097,0.0178535517781517,0.1785355177815176,-0.374924587341187,0.5,0.05,3,6,1818
MrSQM,0,0,40187,38,5.304866042393479,0.0,0.0,0.0,1.0,0.0,0.5,0.0,0.3392174837848835,-0.6784349675697671,0.5,0.05,3,6,1818
Quant,14,0,40187,24,0.2689757491500186,-0.4049999999999999,1.0,0.3684210526315789,1.0,0.5384615384615384,0.6842105263157895,0.0,0.2142426213378211,-0.4284852426756423,0.5,0.05,3,6,1818
WEASEL,0,0,40187,38,6.1901235426601815,0.0,0.0,0.0,1.0,0.0,0.5,0.0,0.3392174837848835,-0.6784349675697671,0.5,0.05,3,6,1818
FallLM,33,17,40170,5,0.01028020542447,-1.6045588235294117,0.66,0.868421052631579,0.9995769776295818,0.75,0.9339990151305804,0.15175519011429,0.044633879445379415,-0.21870600928235912,0.5,0.05,4,6,1818
Mantis,11,1,40186,27,0.5029864441063305,-0.3167647058823529,0.9166666666666666,0.2894736842105263,0.999975116331152,0.44,0.6447244002708391,0.0089267758890758,0.2410229490050488,-0.4909726738991735,0.5,0.05,4,6,1818
MiniRocket,16,2,40185,22,0.3656334539097143,-0.5814705882352941,0.8888888888888888,0.4210526315789473,0.9999502326623038,0.5714285714285714,0.7105014321206256,0.0178535517781517,0.1963890695596694,-0.4106316908974906,0.5,0.05,4,6,1818
MrSQM,0,0,40187,38,4.611531989900062,0.0,0.0,0.0,1.0,0.0,0.5,0.0,0.3392174837848835,-0.6784349675697671,0.5,0.05,4,6,1818
Quant,3,0,40187,35,0.2538910138556469,0.3823529411764705,1.0,0.0789473684210526,1.0,0.1463414634146341,0.5394736842105263,0.0,0.3124371561176559,-0.6248743122353118,0.5,0.05,4,6,1818
WEASEL,4,0,40187,34,6.298075205334956,-0.1176470588235294,1.0,0.1052631578947368,1.0,0.1904761904761904,0.5526315789473684,0.0,0.30351038022858,-0.60702076045716,0.5,0.05,4,6,1818
FallLM,32,35,40152,6,0.009786430677407039,-1.8104411764705883,0.47761194029850745,0.8421052631578947,0.9991290715903153,0.6095238095238096,0.920617167374105,0.3124371561176559,0.053560655334455295,-0.39277813911933884,0.5,0.1,0,12,1824
Mantis,27,1,40186,11,0.4927994513226008,-1.081470588235294,0.9642857142857144,0.7105263157894737,0.999975116331152,0.8181818181818182,0.8552507160603128,0.0089267758890758,0.0981945347798347,-0.2053158454487453,0.5,0.1,0,12,1824
MiniRocket,25,2,40185,13,0.3503667348613821,-0.5163235294117647,0.925925925925926,0.6578947368421053,0.9999502326623038,0.7692307692307693,0.8289224847522045,0.0178535517781517,0.1160480865579864,-0.2499497248941247,0.5,0.1,0,12,1824
MrSQM,0,0,40187,38,4.916262604652955,0.0,0.0,0.0,1.0,0.0,0.5,0.0,0.3392174837848835,-0.6784349675697671,0.5,0.1,0,12,1824
Quant,21,2,40185,17,0.2527136528101525,-0.7698529411764706,0.9130434782608696,0.5526315789473685,0.9999502326623038,0.6885245901639344,0.7762909058048362,0.0178535517781517,0.15175519011429,-0.3213639320067317,0.5,0.1,0,12,1824
WEASEL,13,0,40187,25,6.323164686948045,0.095,1.0,0.3421052631578947,1.0,0.5098039215686274,0.6710526315789473,0.0,0.223169397226897,-0.4463387944537941,0.5,0.1,0,12,1824
FallLM,34,21,40166,4,0.009451426785651872,-2.0751470588235295,0.6181818181818182,0.8947368421052632,0.9994774429541892,0.7311827956989247,0.9471071425297262,0.18746229367059353,0.03570710355630353,-0.24102294900504884,0.5,0.1,1,12,1824
Mantis,18,4,40183,20,0.5074393170264655,-0.5226470588235294,0.8181818181818182,0.4736842105263157,0.9999004653246074,0.6,0.7367923379254616,0.0357071035563035,0.1785355177815176,-0.3927781391193388,0.5,0.1,1,12,1824
MiniRocket,21,4,40183,17,0.4317835059018272,-0.2873529411764706,0.84,0.5526315789473685,0.9999004653246074,0.6666666666666666,0.7762660221359879,0.0357071035563035,0.15175519011429,-0.3392174837848835,0.5,0.1,1,12,1824
MrSQM,0,0,40187,38,5.495176790634897,0.0,0.0,0.0,1.0,0.0,0.5,0.0,0.3392174837848835,-0.6784349675697671,0.5,0.1,1,12,1824
Quant,15,1,40186,23,0.2625490212789005,-0.4344117647058823,0.9375,0.3947368421052631,0.999975116331152,0.5555555555555556,0.6973559792182076,0.0089267758890758,0.2053158454487453,-0.4195584667865665,0.5,0.1,1,12,1824
WEASEL,15,1,40186,23,6.482067830223539,0.0361764705882353,0.9375,0.3947368421052631,0.999975116331152,0.5555555555555556,0.6973559792182076,0.0089267758890758,0.2053158454487453,-0.4195584667865665,0.5,0.1,1,12,1824
FallLM,31,15,40172,7,0.009534001714547088,-1.921764705882353,0.6739130434782609,0.8157894736842105,0.999626744967278,0.7380952380952381,0.9077081093257442,0.13390163833613825,0.062487431223531176,-0.227632785171435,0.5,0.1,2,12,1824
Mantis,20,0,40187,18,0.5024725706254101,-0.905,1.0,0.5263157894736842,1.0,0.6896551724137931,0.763157894736842,0.0,0.1606819660033658,-0.3213639320067317,0.5,0.1,2,12,1824
MiniRocket,17,2,40185,21,0.349271426630549,-0.493235294117647,0.8947368421052632,0.4473684210526316,0.9999502326623038,0.5964912280701754,0.7236593268574677,0.0178535517781517,0.1874622936705935,-0.3927781391193388,0.5,0.1,2,12,1824
MrSQM,0,0,40187,38,4.924286953431861,0.0,0.0,0.0,1.0,0.0,0.5,0.0,0.3392174837848835,-0.6784349675697671,0.5,0.1,2,12,1824
Quant,20,1,40186,18,0.2570952395384524,-0.7404411764705883,0.9523809523809524,0.5263157894736842,0.999975116331152,0.6779661016949152,0.763145452902418,0.0089267758890758,0.1606819660033658,-0.3302907078958076,0.5,0.1,2,12,1824
WEASEL,13,0,40187,25,6.284514734261658,-0.3755882352941176,1.0,0.3421052631578947,1.0,0.5098039215686274,0.6710526315789473,0.0,0.223169397226897,-0.4463387944537941,0.5,0.1,2,12,1824
FallLM,27,30,40157,11,0.009319679566918024,-2.0961764705882358,0.47368421052631576,0.7105263157894737,0.999253489934556,0.5684210526315789,0.8548899028620148,0.2678032766722765,0.09819453477983471,-0.4150950788420285,0.5,0.1,3,12,1824
Mantis,26,2,40185,12,0.5148276657849373,-1.081470588235294,0.9285714285714286,0.6842105263157895,0.9999502326623038,0.7878787878787878,0.8420803794890466,0.0178535517781517,0.1071213106689105,-0.2320961731159729,0.5,0.1,3,12,1824
MiniRocket,17,2,40185,21,0.3247922058260411,-0.493235294117647,0.8947368421052632,0.4473684210526316,0.9999502326623038,0.5964912280701754,0.7236593268574677,0.0178535517781517,0.1874622936705935,-0.3927781391193388,0.5,0.1,3,12,1824
MrSQM,0,0,40187,38,5.278518616498837,0.0,0.0,0.0,1.0,0.0,0.5,0.0,0.3392174837848835,-0.6784349675697671,0.5,0.1,3,12,1824
Quant,18,0,40187,20,0.2536767356689234,-0.6816176470588236,1.0,0.4736842105263157,1.0,0.6428571428571429,0.7368421052631579,0.0,0.1785355177815176,-0.3570710355630353,0.5,0.1,3,12,1824
WEASEL,12,0,40187,26,6.167007710556675,-0.3461764705882353,1.0,0.3157894736842105,1.0,0.48,0.6578947368421053,0.0,0.2320961731159729,-0.4641923462319459,0.5,0.1,3,12,1824
FallLM,34,17,40170,4,0.009669120872668507,-2.016323529411765,0.6666666666666666,0.8947368421052632,0.9995769776295818,0.7640449438202247,0.9471569098674224,0.15175519011429,0.03570710355630353,-0.2053158454487453,0.5,0.1,4,12,1824
Mantis,14,0,40187,24,0.4992187811060958,0.0655882352941176,1.0,0.3684210526315789,1.0,0.5384615384615384,0.6842105263157895,0.0,0.2142426213378211,-0.4284852426756423,0.5,0.1,4,12,1824
MiniRocket,22,3,40184,16,0.3492038768096068,-0.2285294117647058,0.88,0.5789473684210527,0.9999253489934556,0.6984126984126984,0.7894363587072541,0.0267803276672276,0.1428284142252141,-0.3124371561176559,0.5,0.1,4,12,1824
MrSQM,0,0,40187,38,4.601856013811908,0.0,0.0,0.0,1.0,0.0,0.5,0.0,0.3392174837848835,-0.6784349675697671,0.5,0.1,4,12,1824
Quant,21,0,40187,17,0.2570937176934099,-0.299264705882353,1.0,0.5526315789473685,1.0,0.711864406779661,0.7763157894736843,0.0,0.15175519011429,-0.30351038022858,0.5,0.1,4,12,1824
WEASEL,15,0,40187,23,6.329387981841842,0.0361764705882353,1.0,0.3947368421052631,1.0,0.5660377358490566,0.6973684210526316,0.0,0.2053158454487453,-0.4106316908974906,0.5,0.1,4,12,1824
FallLM,34,22,40165,4,0.009751192842054692,-2.2222058823529416,0.6071428571428571,0.8947368421052632,0.999452559285341,0.723404255319149,0.9470947006953021,0.19638906955966942,0.03570710355630353,-0.2499497248941247,0.5,0.25,0,28,1840
Mantis,27,3,40184,11,0.4998561844533692,-1.081470588235294,0.9,0.7105263157894737,0.9999253489934556,0.7941176470588235,0.8552258323914647,0.0267803276672276,0.0981945347798347,-0.223169397226897,0.5,0.25,0,28,1840
MiniRocket,26,4,40183,12,0.3570532739953632,-0.3398529411764706,0.8666666666666667,0.6842105263157895,0.9999004653246074,0.7647058823529411,0.8420554958201985,0.0357071035563035,0.1071213106689105,-0.2499497248941247,0.5,0.25,0,28,1840
MrSQM,13,1,40186,25,4.90403198123269,0.095,0.9285714285714286,0.3421052631578947,0.999975116331152,0.5,0.6710401897445233,0.0089267758890758,0.223169397226897,-0.45526557034287,0.5,0.25,0,28,1840
Quant,26,3,40184,12,0.2574197148423406,-0.8286764705882353,0.896551724137931,0.6842105263157895,0.9999253489934556,0.7761194029850746,0.8420679376546225,0.0267803276672276,0.1071213106689105,-0.2410229490050488,0.5,0.25,0,28,1840
WEASEL,27,2,40185,11,6.302820855517315,-0.5051470588235294,0.9310344827586208,0.7105263157894737,0.9999502326623038,0.8059701492537313,0.8552382742258887,0.0178535517781517,0.0981945347798347,-0.2142426213378211,0.5,0.25,0,28,1840
FallLM,34,19,40168,4,0.009302917250489852,-2.104558823529412,0.6415094339622641,0.8947368421052632,0.9995272102918854,0.7472527472527473,0.9471320261985743,0.16960874189244177,0.03570710355630353,-0.22316939722689705,0.5,0.25,1,28,1840
Mantis,26,2,40185,12,0.5248349372563781,-1.081470588235294,0.9285714285714286,0.6842105263157895,0.9999502326623038,0.7878787878787878,0.8420803794890466,0.0178535517781517,0.1071213106689105,-0.2320961731159729,0.5,0.25,1,28,1840
MiniRocket,26,3,40184,12,0.3680703525413334,-0.9463235294117648,0.896551724137931,0.6842105263157895,0.9999253489934556,0.7761194029850746,0.8420679376546225,0.0267803276672276,0.1071213106689105,-0.2410229490050488,0.5,0.25,1,28,1840
MrSQM,10,1,40186,28,5.26054833894122,-0.2873529411764706,0.9090909090909092,0.2631578947368421,0.999975116331152,0.4081632653061224,0.631566505533997,0.0089267758890758,0.2499497248941247,-0.5088262256773253,0.5,0.25,1,28,1840
Quant,27,2,40185,11,0.251781585281861,-1.0226470588235292,0.9310344827586208,0.7105263157894737,0.9999502326623038,0.8059701492537313,0.8552382742258887,0.0178535517781517,0.0981945347798347,-0.2142426213378211,0.5,0.25,1,28,1840
WEASEL,28,3,40184,10,6.2244314985068705,-0.5345588235294118,0.9032258064516128,0.7368421052631579,0.9999253489934556,0.8115942028985508,0.8683837271283068,0.0267803276672276,0.0892677588907588,-0.2053158454487453,0.5,0.25,1,28,1840
FallLM,34,19,40168,4,0.009554841553439802,-2.192794117647059,0.6415094339622641,0.8947368421052632,0.9995272102918854,0.7472527472527473,0.9471320261985743,0.16960874189244177,0.03570710355630353,-0.22316939722689705,0.5,0.25,2,28,1840
Mantis,29,2,40185,9,0.4985595809846207,-1.1697058823529412,0.935483870967742,0.7631578947368421,0.9999502326623038,0.8405797101449275,0.8815540636995729,0.0178535517781517,0.0803409830016829,-0.1785355177815176,0.5,0.25,2,28,1840
MiniRocket,29,4,40183,9,0.3453620959781047,-0.7698529411764706,0.8787878787878788,0.7631578947368421,0.9999004653246074,0.8169014084507042,0.8815291800307248,0.0357071035563035,0.0803409830016829,-0.1963890695596694,0.5,0.25,2,28,1840
MrSQM,17,0,40187,21,4.9254784348209295,-0.0226470588235294,1.0,0.4473684210526316,1.0,0.6181818181818182,0.7236842105263158,0.0,0.1874622936705935,-0.374924587341187,0.5,0.25,2,28,1840
Quant,29,2,40185,9,0.2544539542133933,-1.081470588235294,0.935483870967742,0.7631578947368421,0.9999502326623038,0.8405797101449275,0.8815540636995729,0.0178535517781517,0.0803409830016829,-0.1785355177815176,0.5,0.25,2,28,1840
WEASEL,30,4,40183,8,6.389093845375818,-0.816764705882353,0.8823529411764706,0.7894736842105263,0.9999004653246074,0.8333333333333334,0.8946870747675668,0.0357071035563035,0.071414207112607,-0.1785355177815176,0.5,0.25,2,28,1840
FallLM,34,23,40164,4,0.009461836363462657,-2.1339705882352944,0.5964912280701754,0.8947368421052632,0.9994276756164929,0.7157894736842105,0.947082258860878,0.2053158454487453,0.03570710355630353,-0.25887650078320057,0.5,0.25,3,28,1840
Mantis,32,6,40181,6,0.5675319404019399,-1.4344117647058825,0.8421052631578947,0.8421052631578947,0.9998506979869112,0.8421052631578947,0.920977980572403,0.0535606553344552,0.0535606553344552,-0.1606819660033658,0.5,0.25,3,28,1840
MiniRocket,26,4,40183,12,0.3699577204922399,-0.3692647058823529,0.8666666666666667,0.6842105263157895,0.9999004653246074,0.7647058823529411,0.8420554958201985,0.0357071035563035,0.1071213106689105,-0.2499497248941247,0.5,0.25,3,28,1840
MrSQM,7,0,40187,31,5.3944827274955784,-0.1991176470588235,1.0,0.1842105263157894,1.0,0.3111111111111111,0.5921052631578947,0.0,0.2767300525613523,-0.5534601051227047,0.5,0.25,3,28,1840
Quant,30,2,40185,8,0.2616009768977602,-1.1108823529411764,0.9375,0.7894736842105263,0.9999502326623038,0.8571428571428571,0.894711958436415,0.0178535517781517,0.071414207112607,-0.1606819660033658,0.5,0.25,3,28,1840
WEASEL,29,2,40185,9,6.06859781636713,-0.6816176470588236,0.935483870967742,0.7631578947368421,0.9999502326623038,0.8405797101449275,0.8815540636995729,0.0178535517781517,0.0803409830016829,-0.1785355177815176,0.5,0.25,3,28,1840
FallLM,34,19,40168,4,0.009695402505562507,-2.2222058823529416,0.6415094339622641,0.8947368421052632,0.9995272102918854,0.7472527472527473,0.9471320261985743,0.16960874189244177,0.03570710355630353,-0.22316939722689705,0.5,0.25,4,28,1840
Mantis,27,1,40186,11,0.4322113228666038,-1.1697058823529412,0.9642857142857144,0.7105263157894737,0.999975116331152,0.8181818181818182,0.8552507160603128,0.0089267758890758,0.0981945347798347,-0.2053158454487453,0.5,0.25,4,28,1840
MiniRocket,29,4,40183,9,0.3593650182065775,-0.7698529411764706,0.8787878787878788,0.7631578947368421,0.9999004653246074,0.8169014084507042,0.8815291800307248,0.0357071035563035,0.0803409830016829,-0.1963890695596694,0.5,0.25,4,28,1840
MrSQM,14,1,40186,24,4.621344147255938,0.095,0.9333333333333332,0.3684210526315789,0.999975116331152,0.5283018867924528,0.6841980844813654,0.0089267758890758,0.2142426213378211,-0.4374120185647182,0.5,0.25,4,28,1840
Quant,30,2,40185,8,0.2617943485717706,-1.140294117647059,0.9375,0.7894736842105263,0.9999502326623038,0.8571428571428571,0.894711958436415,0.0178535517781517,0.071414207112607,-0.1606819660033658,0.5,0.25,4,28,1840
WEASEL,30,3,40184,8,6.188401229393461,-0.8755882352941177,0.9090909090909092,0.7894736842105263,0.9999253489934556,0.8450704225352113,0.894699516601991,0.0267803276672276,0.071414207112607,-0.1696087418924417,0.5,0.25,4,28,1840
FallLM,34,21,40166,4,0.009290609990694518,-2.2222058823529416,0.6181818181818182,0.8947368421052632,0.9994774429541892,0.7311827956989247,0.9471071425297262,0.18746229367059353,0.03570710355630353,-0.24102294900504884,0.5,0.5,0,56,1868
Mantis,29,8,40179,9,0.5433017808529252,-1.140294117647059,0.7837837837837838,0.7631578947368421,0.9998009306492148,0.7733333333333333,0.8814794126930285,0.071414207112607,0.0803409830016829,-0.2320961731159729,0.5,0.5,0,56,1868
MiniRocket,33,5,40182,5,0.3584533846348229,-1.3692647058823528,0.868421052631579,0.868421052631579,0.9998755816557592,0.868421052631579,0.9341483171436692,0.0446338794453794,0.0446338794453794,-0.1339016383361382,0.5,0.5,0,56,1868
MrSQM,24,5,40182,14,4.935897175593176,-0.190735294117647,0.8275862068965517,0.631578947368421,0.9998755816557592,0.7164179104477612,0.8157272645120901,0.0446338794453794,0.1249748624470623,-0.2945836043395041,0.5,0.5,0,56,1868
Quant,31,5,40182,7,0.2579877315941858,-1.140294117647059,0.8611111111111112,0.8157894736842105,0.9998755816557592,0.8378378378378378,0.9078325276699848,0.0446338794453794,0.0624874312235311,-0.1696087418924417,0.5,0.5,0,56,1868
WEASEL,32,5,40182,6,6.238405775483707,-1.3286764705882352,0.8648648648648649,0.8421052631578947,0.9998755816557592,0.8533333333333334,0.920990422406827,0.0446338794453794,0.0535606553344552,-0.15175519011429,0.5,0.5,0,56,1868
FallLM,35,36,40151,3,0.00913573777902181,-2.4197058823529414,0.49295774647887325,0.9210526315789473,0.9991041879214672,0.6422018348623854,0.9600784097502073,0.32136393200673175,0.026780327667227648,-0.36153442350757325,0.5,0.5,1,56,1868
Mantis,30,4,40183,8,0.5192984879219116,-1.1697058823529412,0.8823529411764706,0.7894736842105263,0.9999004653246074,0.8333333333333334,0.8946870747675668,0.0357071035563035,0.071414207112607,-0.1785355177815176,0.5,0.5,1,56,1868
MiniRocket,33,4,40183,5,0.361989722580716,-1.3692647058823528,0.8918918918918919,0.868421052631579,0.9999004653246074,0.88,0.9341607589780933,0.0357071035563035,0.0446338794453794,-0.1249748624470623,0.5,0.5,1,56,1868
MrSQM,22,4,40183,16,5.277506363589829,-0.2117647058823529,0.8461538461538461,0.5789473684210527,0.9999004653246074,0.6875,0.7894239168728301,0.0357071035563035,0.1428284142252141,-0.3213639320067317,0.5,0.5,1,56,1868
Quant,31,5,40182,7,0.2606868220162126,-1.1697058823529412,0.8611111111111112,0.8157894736842105,0.9998755816557592,0.8378378378378378,0.9078325276699848,0.0446338794453794,0.0624874312235311,-0.1696087418924417,0.5,0.5,1,56,1868
WEASEL,33,3,40184,5,6.205009788893922,-0.816764705882353,0.9166666666666666,0.868421052631579,0.9999253489934556,0.8918918918918919,0.9341732008125172,0.0267803276672276,0.0446338794453794,-0.1160480865579864,0.5,0.5,1,56,1868
FallLM,35,35,40152,3,0.009295032902582103,-2.4197058823529414,0.5,0.9210526315789473,0.9991290715903153,0.6481481481481481,0.9600908515846314,0.3124371561176559,0.026780327667227648,-0.35260764761849733,0.5,0.5,2,56,1868
Mantis,31,3,40184,7,0.4964803416673415,-1.4049999999999998,0.9117647058823528,0.8157894736842105,0.9999253489934556,0.8611111111111112,0.9078574113388332,0.0267803276672276,0.0624874312235311,-0.15175519011429,0.5,0.5,2,56,1868
MiniRocket,31,4,40183,7,0.3585361167302341,-1.3167647058823528,0.8857142857142857,0.8157894736842105,0.9999004653246074,0.8493150684931506,0.907844969504409,0.0357071035563035,0.0624874312235311,-0.1606819660033658,0.5,0.5,2,56,1868
MrSQM,23,7,40180,15,4.966514885627795,-0.1991176470588235,0.7666666666666667,0.6052631578947368,0.999825814318063,0.6764705882352942,0.8025444861064,0.0624874312235311,0.1339016383361382,-0.3302907078958076,0.5,0.5,2,56,1868
Quant,32,3,40184,6,0.2597584504540904,-1.1697058823529412,0.9142857142857144,0.8421052631578947,0.9999253489934556,0.8767123287671232,0.9210153060756752,0.0267803276672276,0.0535606553344552,-0.1339016383361382,0.5,0.5,2,56,1868
WEASEL,33,3,40184,5,5.949061415243089,-0.8755882352941177,0.9166666666666666,0.868421052631579,0.9999253489934556,0.8918918918918919,0.9341732008125172,0.0267803276672276,0.0446338794453794,-0.1160480865579864,0.5,0.5,2,56,1868
FallLM,35,36,40151,3,0.00910413108737653,-2.4197058823529414,0.49295774647887325,0.9210526315789473,0.9991041879214672,0.6422018348623854,0.9600784097502073,0.32136393200673175,0.026780327667227648,-0.36153442350757325,0.5,0.5,3,56,1868
Mantis,32,7,40180,6,0.4997838808242975,-1.1697058823529412,0.8205128205128205,0.8421052631578947,0.999825814318063,0.8311688311688312,0.9209655387379788,0.0624874312235311,0.0535606553344552,-0.1696087418924417,0.5,0.5,3,56,1868
MiniRocket,32,4,40183,6,0.3621284361465027,-1.3398529411764706,0.8888888888888888,0.8421052631578947,0.9999004653246074,0.8648648648648649,0.9210028642412512,0.0357071035563035,0.0535606553344552,-0.1428284142252141,0.5,0.5,3,56,1868
MrSQM,21,6,40181,17,5.3563280753755995,-0.1235294117647058,0.7777777777777778,0.5526315789473685,0.9998506979869112,0.6461538461538462,0.7762411384671398,0.0535606553344552,0.15175519011429,-0.3570710355630353,0.5,0.5,3,56,1868
Quant,32,4,40183,6,0.2607702283717782,-1.1697058823529412,0.8888888888888888,0.8421052631578947,0.9999004653246074,0.8648648648648649,0.9210028642412512,0.0357071035563035,0.0535606553344552,-0.1428284142252141,0.5,0.5,3,56,1868
WEASEL,33,4,40183,5,6.314735715380832,-1.4638235294117643,0.8918918918918919,0.868421052631579,0.9999004653246074,0.88,0.9341607589780933,0.0357071035563035,0.0446338794453794,-0.1249748624470623,0.5,0.5,3,56,1868
FallLM,33,48,40139,5,0.009064714220891407,-2.125588235294118,0.4074074074074074,0.868421052631579,0.9988055838952895,0.5546218487394958,0.9336133182634343,0.42848524267564236,0.044633879445379415,-0.4954360618437115,0.5,0.5,4,56,1868
Mantis,34,5,40182,4,0.5447857359326541,-1.8692647058823528,0.8717948717948718,0.8947368421052632,0.9998755816557592,0.8831168831168831,0.9473062118805112,0.0446338794453794,0.0357071035563035,-0.1160480865579864,0.5,0.5,4,56,1868
MiniRocket,32,4,40183,6,0.3690785590937628,-1.3398529411764706,0.8888888888888888,0.8421052631578947,0.9999004653246074,0.8648648648648649,0.9210028642412512,0.0357071035563035,0.0535606553344552,-0.1428284142252141,0.5,0.5,4,56,1868
MrSQM,23,3,40184,15,4.666558828771907,0.183235294117647,0.8846153846153846,0.6052631578947368,0.9999253489934556,0.71875,0.8025942534440962,0.0267803276672276,0.1339016383361382,-0.2945836043395041,0.5,0.5,4,56,1868
Quant,31,3,40184,7,0.2626009992652607,-1.140294117647059,0.9117647058823528,0.8157894736842105,0.9999253489934556,0.8611111111111112,0.9078574113388332,0.0267803276672276,0.0624874312235311,-0.15175519011429,0.5,0.5,4,56,1868
WEASEL,32,4,40183,6,6.325160082776893,-1.5226470588235292,0.8888888888888888,0.8421052631578947,0.9999004653246074,0.8648648648648649,0.9210028642412512,0.0357071035563035,0.0535606553344552,-0.1428284142252141,0.5,0.5,4,56,1868
FallLM,36,38,40149,2,0.0093016758821284,-2.4785294117647063,0.4864864864864865,0.9473684210526315,0.9990544205837709,0.6428571428571429,0.9732114208182012,0.33921748378488353,0.017853551778151764,-0.3659978114521112,0.5,1.0,0,112,1924
Mantis,36,8,40179,2,0.4868245868908052,-2.081470588235294,0.8181818181818182,0.9473684210526316,0.9998009306492148,0.8780487804878049,0.9735846758509232,0.071414207112607,0.0178535517781517,-0.1071213106689105,0.5,1.0,0,112,1924
MiniRocket,34,6,40181,4,0.3608668864391414,-1.3986764705882353,0.85,0.8947368421052632,0.9998506979869112,0.8717948717948718,0.9472937700460872,0.0535606553344552,0.0357071035563035,-0.1249748624470623,0.5,1.0,0,112,1924
MrSQM,32,10,40177,6,5.071059253051584,-0.0436764705882352,0.7619047619047619,0.8421052631578947,0.9997511633115188,0.8,0.9209282132347067,0.0892677588907588,0.0535606553344552,-0.1963890695596694,0.5,1.0,0,112,1924
Quant,33,8,40179,5,0.2583300650312222,-1.257941176470588,0.8048780487804879,0.868421052631579,0.9998009306492148,0.8354430379746836,0.9341109916403968,0.071414207112607,0.0446338794453794,-0.1606819660033658,0.5,1.0,0,112,1924
WEASEL,34,4,40183,4,6.231799151001806,-1.640294117647059,0.8947368421052632,0.8947368421052632,0.9999004653246074,0.8947368421052632,0.9473186537149352,0.0357071035563035,0.0357071035563035,-0.1071213106689105,0.5,1.0,0,112,1924
FallLM,36,38,40149,2,0.009196334473156301,-2.4785294117647063,0.4864864864864865,0.9473684210526315,0.9990544205837709,0.6428571428571429,0.9732114208182012,0.33921748378488353,0.017853551778151764,-0.3659978114521112,0.5,1.0,1,112,1924
Mantis,31,11,40176,7,0.5211581374531074,-1.2201470588235297,0.7380952380952381,0.8157894736842105,0.9997262796426704,0.775,0.9077578766634404,0.0981945347798347,0.0624874312235311,-0.223169397226897,0.5,1.0,1,112,1924
MiniRocket,34,5,40182,4,0.3756825749433729,-1.4280882352941175,0.8717948717948718,0.8947368421052632,0.9998755816557592,0.8831168831168831,0.9473062118805112,0.0446338794453794,0.0357071035563035,-0.1160480865579864,0.5,1.0,1,112,1924
MrSQM,31,11,40176,7,5.381380713350425,-0.9554411764705882,0.7380952380952381,0.8157894736842105,0.9997262796426704,0.775,0.9077578766634404,0.0981945347798347,0.0624874312235311,-0.223169397226897,0.5,1.0,1,112,1924
Quant,33,6,40181,5,0.2625654618331726,-1.1991176470588234,0.8461538461538461,0.868421052631579,0.9998506979869112,0.8571428571428571,0.934135875309245,0.0535606553344552,0.0446338794453794,-0.1428284142252141,0.5,1.0,1,112,1924
WEASEL,34,4,40183,4,6.146434506021349,-1.640294117647059,0.8947368421052632,0.8947368421052632,0.9999004653246074,0.8947368421052632,0.9473186537149352,0.0357071035563035,0.0357071035563035,-0.1071213106689105,0.5,1.0,1,112,1924
FallLM,36,38,40149,2,0.009258854055288085,-2.4785294117647063,0.4864864864864865,0.9473684210526315,0.9990544205837709,0.6428571428571429,0.9732114208182012,0.33921748378488353,0.017853551778151764,-0.3659978114521112,0.5,1.0,2,112,1924
Mantis,32,4,40183,6,0.5091326599368747,-1.3755882352941176,0.8888888888888888,0.8421052631578947,0.9999004653246074,0.8648648648648649,0.9210028642412512,0.0357071035563035,0.0535606553344552,-0.1428284142252141,0.5,1.0,2,112,1924
MiniRocket,34,6,40181,4,0.3626766187335647,-1.3986764705882353,0.85,0.8947368421052632,0.9998506979869112,0.8717948717948718,0.9472937700460872,0.0535606553344552,0.0357071035563035,-0.1249748624470623,0.5,1.0,2,112,1924
MrSQM,32,9,40178,6,4.925834890753075,-0.4260294117647059,0.7804878048780488,0.8421052631578947,0.9997760469803668,0.810126582278481,0.9209406550691308,0.0803409830016829,0.0535606553344552,-0.1874622936705935,0.5,1.0,2,112,1924
Quant,33,7,40180,5,0.2713841176137783,-1.1991176470588234,0.825,0.868421052631579,0.999825814318063,0.8461538461538461,0.934123433474821,0.0624874312235311,0.0446338794453794,-0.15175519011429,0.5,1.0,2,112,1924
WEASEL,34,5,40182,4,6.0806295525364,-1.640294117647059,0.8717948717948718,0.8947368421052632,0.9998755816557592,0.8831168831168831,0.9473062118805112,0.0446338794453794,0.0357071035563035,-0.1160480865579864,0.5,1.0,2,112,1924
FallLM,36,38,40149,2,0.009342076707258742,-2.4785294117647063,0.4864864864864865,0.9473684210526315,0.9990544205837709,0.6428571428571429,0.9732114208182012,0.33921748378488353,0.017853551778151764,-0.3659978114521112,0.5,1.0,3,112,1924
Mantis,35,9,40178,3,0.5209533985415047,-1.6991176470588234,0.7954545454545454,0.9210526315789472,0.9997760469803668,0.8536585365853658,0.9604143392796572,0.0803409830016829,0.0267803276672276,-0.1339016383361382,0.5,1.0,3,112,1924
MiniRocket,34,5,40182,4,0.3580869888443497,-1.4280882352941175,0.8717948717948718,0.8947368421052632,0.9998755816557592,0.8831168831168831,0.9473062118805112,0.0446338794453794,0.0357071035563035,-0.1160480865579864,0.5,1.0,3,112,1924
MrSQM,28,13,40174,10,5.261722482927119,-1.1823529411764706,0.6829268292682927,0.7368421052631579,0.9996765123049742,0.7088607594936709,0.868259308784066,0.1160480865579864,0.0892677588907588,-0.2945836043395041,0.5,1.0,3,112,1924
Quant,33,7,40180,5,0.2673150728378473,-1.228529411764706,0.825,0.868421052631579,0.999825814318063,0.8461538461538461,0.934123433474821,0.0624874312235311,0.0446338794453794,-0.15175519011429,0.5,1.0,3,112,1924
WEASEL,34,5,40182,4,6.243980971253913,-1.640294117647059,0.8717948717948718,0.8947368421052632,0.9998755816557592,0.8831168831168831,0.9473062118805112,0.0446338794453794,0.0357071035563035,-0.1160480865579864,0.5,1.0,3,112,1924
FallLM,36,38,40149,2,0.00930424124046467,-2.4785294117647063,0.4864864864864865,0.9473684210526315,0.9990544205837709,0.6428571428571429,0.9732114208182012,0.33921748378488353,0.017853551778151764,-0.3659978114521112,0.5,1.0,4,112,1924
Mantis,34,6,40181,4,0.5502329981045309,-1.7222058823529411,0.85,0.8947368421052632,0.9998506979869112,0.8717948717948718,0.9472937700460872,0.0535606553344552,0.0357071035563035,-0.1249748624470623,0.5,1.0,4,112,1924
MiniRocket,34,6,40181,4,0.3737097742485287,-1.3986764705882353,0.85,0.8947368421052632,0.9998506979869112,0.8717948717948718,0.9472937700460872,0.0535606553344552,0.0357071035563035,-0.1249748624470623,0.5,1.0,4,112,1924
MrSQM,31,10,40177,7,4.64907416049511,-0.0730882352941176,0.7560975609756098,0.8157894736842105,0.9997511633115188,0.7848101265822784,0.9077703184978646,0.0892677588907588,0.0624874312235311,-0.2142426213378211,0.5,1.0,4,112,1924
Quant,33,8,40179,5,0.2612960005448348,-1.228529411764706,0.8048780487804879,0.868421052631579,0.9998009306492148,0.8354430379746836,0.9341109916403968,0.071414207112607,0.0446338794453794,-0.1606819660033658,0.5,1.0,4,112,1924
WEASEL,34,5,40182,4,6.3931422491104435,-1.640294117647059,0.8717948717948718,0.8947368421052632,0.9998755816557592,0.8831168831168831,0.9473062118805112,0.0446338794453794,0.0357071035563035,-0.1160480865579864,0.5,1.0,4,112,1924
